time,open,high,low,close,Volume,Volume MA
1674811800,22745,22751,22745,22751,8,NaN
1674812100,22751,22758,22751,22758,45,NaN
1674812400,22758,22758,22757,22757,27,NaN
1674812700,22749,22755,22749,22755,7,NaN
1674813000,22759,22759,22758,22759,12,NaN
1674813300,22759,22759,22759,22759,18,NaN
1674813600,22750,22753,22750,22753,37,NaN
1674813900,22754,22757,22754,22757,19,NaN
1674814800,22750,22752,22750,22752,5,NaN
1674815100,22752,22752,22752,22752,3,NaN
1674815400,22746,22746,22744,22745,7,NaN
1674815700,22749,22754,22749,22754,10,NaN
1674816000,22755,22755,22755,22755,2,NaN
1674816600,22752,22752,22752,22752,1,NaN
1674817500,22760,22760,22760,22760,28,NaN
1674819000,22747,22747,22746,22746,12,NaN
1674819900,22751,22751,22751,22751,2,NaN
1674820200,22746,22770,22746,22770,22,NaN
1674821400,22758,22758,22758,22758,1,NaN
1674823500,22751,22754,22751,22754,6,NaN
1674824100,22763,22763,22763,22763,1,NaN
1674826500,22791,22791,22791,22791,1,NaN
1674828600,22772,22773,22772,22773,3,NaN
1674829800,22766,22766,22766,22766,1,NaN
1674830100,22766,22798,22766,22798,3,NaN
1674831300,22766,22766,22766,22766,2,NaN
1674831600,22793,22796,22793,22796,32,NaN
1674831900,22790,22790,22783,22783,18,NaN
1674832500,22772,22772,22772,22772,1,NaN
1674834000,22705,22705,22704,22704,40,NaN
1674834300,22703,22703,22688,22688,82,NaN
1674834600,22666,22666,22661,22661,11,NaN
1674834900,22666,22697,22666,22697,19,NaN
1674836100,22748,22754,22748,22754,9,NaN
1674836400,22754,22754,22754,22754,22,NaN
1674837000,22754,22754,22754,22754,94,NaN
1675041300,22704,22704,22615,22689,216,NaN
1675041600,22698,22733,22698,22733,4,NaN
1675041900,22750,22750,22750,22750,4,NaN
1675042200,22662,22662,22606,22606,26,NaN
1675042500,22597,22668,22594,22637,16,NaN
1675042800,22624,22688,22620,22688,41,NaN
1675043100,22675,22724,22675,22686,31,NaN
1675043400,22689,22713,22683,22693,16,NaN
1675043700,22637,22647,22614,22625,17,NaN
1675044000,22603,22635,22598,22635,21,NaN
1675044300,22608,22611,22580,22591,13,NaN
1675044600,22590,22643,22590,22638,25,NaN
1675044900,22619,22619,22619,22619,3,NaN
1675045500,22621,22621,22621,22621,3,NaN
1675045800,22602,22606,22602,22606,2,NaN
1675046100,22622,22622,22622,22622,1,NaN
1675046400,22598,22598,22598,22598,3,NaN
1675046700,22569,22569,22560,22560,4,NaN
1675047000,22550,22550,22550,22550,5,NaN
1675047300,22511,22548,22511,22548,94,NaN
1675047600,22537,22537,22537,22537,4,NaN
1675047900,22494,22494,22453,22453,9,NaN
1675048500,22487,22505,22487,22505,3,NaN
1675048800,22503,22532,22503,22521,12,NaN
1675049400,22491,22491,22491,22491,3,NaN
1675050000,22517,22517,22517,22517,4,NaN
1675050600,22468,22468,22468,22468,2,NaN
1675054800,22419,22419,22379,22379,11,NaN
1675055100,22379,22380,22379,22380,2,NaN
1675055400,22335,22340,22335,22340,4,NaN
1675055700,22300,22300,22298,22298,2,NaN
1675056000,22309,22309,22309,22309,1,NaN
1675056300,22302,22302,22266,22266,5,NaN
1675056600,22317,22317,22317,22317,3,NaN
1675056900,22330,22360,22330,22360,3,NaN
1675057500,22361,22390,22355,22390,5,NaN
1675057800,22371,22371,22371,22371,2,NaN
1675058100,22308,22311,22297,22297,8,NaN
1675058400,22310,22310,22270,22270,8,NaN
1675058700,22253,22253,22236,22236,13,NaN
1675059000,22222,22259,22222,22259,2,NaN
1675059300,22262,22262,22259,22259,4,NaN
1675059900,22265,22265,22265,22265,3,NaN
1675060200,22235,22239,22233,22239,11,NaN
1675060800,22247,22250,22247,22250,4,NaN
1675061100,22241,22261,22241,22261,8,NaN
1675061400,22240,22240,22222,22223,118,NaN
1675062000,22262,22262,22228,22228,13,NaN
1675062600,22243,22243,22179,22179,30,NaN
1675062900,22197,22199,22197,22197,13,NaN
1675063200,22188,22188,22160,22160,16,NaN
1675063500,22130,22148,22118,22133,30,NaN
1675063800,22154,22154,22154,22154,3,NaN
1675064100,22118,22159,22118,22144,57,NaN
1675064400,22131,22132,22115,22115,8,NaN
1675065000,22114,22114,22114,22114,1,NaN
1675065300,22101,22107,22089,22102,37,NaN
1675065600,22130,22150,22128,22150,7,NaN
1675065900,22160,22170,22153,22170,5,NaN
1675066200,22143,22143,22124,22124,17,NaN
1675066500,22148,22170,22148,22170,16,NaN
1675066800,22160,22160,22160,22160,7,NaN
1675067100,22158,22158,22144,22150,6,NaN
1675070100,22180,22200,22180,22200,8,NaN
1675070400,22210,22213,22210,22213,3,NaN
1675070700,22202,22202,22200,22200,2,NaN
1675071000,22220,22220,22220,22220,2,NaN
1675071900,22198,22205,22198,22205,28,NaN
1675073100,22228,22228,22228,22228,1,NaN
1675073400,22230,22230,22230,22230,2,NaN
1675074900,22240,22240,22240,22240,2,NaN
1675075200,22244,22244,22242,22242,3,NaN
1675076400,22250,22250,22250,22250,2,NaN
1675080300,22222,22222,22222,22222,1,NaN
1675081500,22225,22225,22225,22225,1,NaN
1675081800,22230,22230,22230,22230,1,NaN
1675087200,22216,22216,22210,22211,42,NaN
1675088100,22225,22225,22225,22225,1,NaN
1675089000,22170,22170,22131,22131,8,NaN
1675089300,22172,22180,22172,22180,4,NaN
1675090800,22260,22262,22260,22262,8,NaN
1675091100,22270,22290,22270,22290,6,NaN
1675091400,22289,22289,22289,22289,2,NaN
1675092300,22195,22195,22195,22195,1,NaN
1675094100,22245,22245,22245,22245,1,NaN
1675094400,22256,22258,22256,22258,8,NaN
1675097100,22275,22275,22275,22275,1,NaN
1675127700,22252,22272,22249,22272,12,NaN
1675128000,22300,22300,22291,22291,7,NaN
1675128300,22293,22293,22293,22293,1,NaN
1675128600,22302,22302,22207,22212,6,NaN
1675128900,22238,22263,22237,22253,30,NaN
1675129200,22322,22342,22269,22269,4,NaN
1675129500,22260,22260,22251,22251,14,NaN
1675129800,22242,22242,22180,22180,22,NaN
1675130100,22190,22190,22158,22162,3,NaN
1675130400,22166,22166,22136,22136,7,NaN
1675130700,22160,22160,22120,22140,13,NaN
1675131300,22172,22172,22163,22163,8,NaN
1675131600,22203,22216,22203,22216,8,NaN
1675132500,22150,22150,22150,22150,9,NaN
1675132800,22130,22130,22130,22130,1,NaN
1675133100,22080,22090,22080,22090,3,NaN
1675133700,22066,22066,22055,22055,2,NaN
1675134000,22036,22036,22000,22000,5,NaN
1675134300,22024,22024,22008,22008,2,NaN
1675134600,22030,22030,21980,21980,37,NaN
1675134900,21990,22000,21990,21992,3,NaN
1675135500,21950,21966,21936,21966,6,NaN
1675135800,21979,21980,21979,21979,5,NaN
1675137000,21920,21920,21898,21898,11,NaN
1675137300,21880,21880,21880,21880,2,NaN
1675141200,21900,21900,21860,21896,26,NaN
1675141500,21860,21902,21850,21902,8,NaN
1675141800,21902,21920,21902,21920,23,NaN
1675142100,21880,21890,21880,21890,2,NaN
1675142400,21891,21920,21891,21920,33,NaN
1675143000,21859,21859,21855,21855,3,NaN
1675143300,21840,21840,21818,21824,18,NaN
1675143600,21838,21838,21828,21828,10,NaN
1675143900,21838,21838,21808,21808,6,NaN
1675144200,21800,21800,21800,21800,3,NaN
1675144500,21790,21800,21790,21792,7,NaN
1675144800,21788,21792,21773,21773,12,NaN
1675145100,21778,21778,21766,21768,4,NaN
1675145400,21770,21810,21770,21810,14,NaN
1675145700,21815,21829,21815,21825,11,NaN
1675146000,21828,21848,21827,21828,129,NaN
1675146300,21833,21837,21799,21804,80,NaN
1675146600,21817,21818,21798,21798,11,NaN
1675146900,21791,21791,21768,21768,6,NaN
1675147200,21760,21760,21750,21754,10,NaN
1675147500,21750,21750,21738,21738,5,NaN
1675148100,21724,21739,21724,21738,3,NaN
1675148400,21778,21782,21778,21782,2,NaN
1675148700,21790,21790,21790,21790,1,NaN
1675149300,21764,21764,21764,21764,4,NaN
1675150500,21800,21805,21800,21805,3,NaN
1675150800,21810,21822,21805,21822,135,NaN
1675151100,21825,21879,21825,21879,62,NaN
1675151400,21889,21915,21881,21895,25,NaN
1675151700,21897,21928,21897,21928,41,NaN
1675152000,21933,21936,21933,21933,90,NaN
1675152600,21956,21956,21956,21956,1,NaN
1675153200,21950,21950,21950,21950,2,NaN
1675153500,21920,21920,21920,21920,1,NaN
1675158000,21885,21885,21885,21885,2,NaN
1675167600,21905,21905,21905,21905,25,NaN
1675169100,21904,21904,21904,21904,1,NaN
1675171800,21903,21905,21903,21905,8,NaN
1675174200,21938,21938,21938,21938,2,NaN
1675174500,21931,21931,21920,21920,3,NaN
1675174800,21930,21930,21930,21930,1,NaN
1675175100,21922,21924,21922,21923,6,NaN
1675175700,21861,21861,21861,21861,1,NaN
1675176000,21900,21900,21900,21900,1,NaN
1675176300,21879,21879,21879,21879,1,NaN
1675176600,21880,21880,21880,21880,1,NaN
1675177500,21815,21815,21815,21815,1,NaN
1675178400,21868,21868,21868,21868,1,NaN
1675179600,21922,21952,21922,21952,15,NaN
1675179900,21958,21981,21958,21981,12,NaN
1675180200,21991,21991,21991,21991,2,NaN
1675180800,21991,21991,21991,21991,2,NaN
1675181100,21997,22001,21997,22001,4,NaN
1675182300,21971,21971,21971,21971,1,NaN
1675183200,21995,21995,21995,21995,1,NaN
1675183800,21975,21975,21975,21975,1,NaN
1675184400,21975,21975,21975,21975,2,NaN
1675184700,21982,21982,21970,21973,35,NaN
1675185300,21960,21960,21960,21960,1,NaN
1675186200,21960,21960,21952,21952,4,NaN
1675186800,21944,21944,21944,21944,2,NaN
1675214100,21999,22024,21966,21966,12,NaN
1675214400,21960,21960,21960,21960,1,NaN
1675214700,21981,21981,21981,21981,2,NaN
1675215000,21999,22002,21929,21982,16,NaN
1675215300,22012,22012,21981,21982,4,NaN
1675215600,22010,22030,22010,22030,18,NaN
1675215900,22012,22012,21950,21950,6,NaN
1675216200,21932,21945,21932,21945,2,NaN
1675216500,21957,22008,21957,22008,10,NaN
1675217100,21919,21919,21892,21892,5,NaN
1675217400,21880,21890,21878,21890,5,NaN
1675217700,21838,21838,21822,21822,2,NaN
1675218000,21810,21810,21790,21790,7,NaN
1675218300,21840,21840,21840,21840,1,NaN
1675218900,21922,21922,21860,21860,3,NaN
1675219200,21878,21878,21822,21825,12,NaN
1675219500,21800,21800,21800,21800,1,NaN
1675220100,21854,21856,21845,21845,13,NaN
1675220400,21880,21893,21880,21893,10,NaN
1675220700,21894,21957,21892,21955,25,NaN
1675221000,22000,22035,22000,22035,14,NaN
1675221300,21987,21987,21987,21987,1,NaN
1675221600,21950,21950,21950,21950,2,NaN
1675222200,21998,21998,21998,21998,2,NaN
1675222500,22006,22006,22006,22006,1,NaN
1675223100,21995,21996,21995,21996,2,NaN
1675223400,21973,21973,21973,21973,1,NaN
1675223700,21975,21975,21975,21975,1,NaN
1675227600,21988,21988,21956,21956,14,NaN
1675227900,21948,21985,21948,21985,8,NaN
1675228200,21977,21977,21964,21964,6,NaN
1675228500,22016,22016,22013,22013,2,NaN
1675229100,21973,21973,21973,21973,1,NaN
1675229700,22000,22014,21992,21992,39,NaN
1675230000,22005,22005,21995,21996,4,NaN
1675230300,21993,21993,21980,21980,4,NaN
1675230600,22008,22047,22008,22044,7,NaN
1675230900,22046,22053,22044,22050,10,NaN
1675231200,22062,22062,22061,22061,5,NaN
1675231500,22070,22070,22070,22070,2,NaN
1675231800,22072,22078,22072,22072,6,NaN
1675232100,22078,22090,22078,22090,4,NaN
1675232700,22100,22100,22097,22100,20,NaN
1675233000,22125,22125,22125,22125,80,NaN
1675233300,22138,22138,22134,22134,3,NaN
1675233600,22100,22100,22100,22100,1,NaN
1675233900,22050,22050,22050,22050,1,NaN
1675234200,22082,22082,22082,22082,1,NaN
1675234500,22104,22104,22101,22101,2,NaN
1675234800,22072,22073,22072,22073,2,NaN
1675235100,22108,22108,22093,22093,3,NaN
1675235400,22079,22079,22079,22079,2,NaN
1675236000,22089,22089,22089,22089,2,NaN
1675236600,22050,22050,22050,22050,5,NaN
1675237200,22090,22090,22090,22090,2,NaN
1675237800,22079,22079,22079,22079,1,NaN
1675238400,22130,22130,22130,22130,2,NaN
1675238700,22137,22137,22137,22137,2,NaN
1675242900,22075,22075,22055,22055,6,NaN
1675243200,22048,22048,22044,22044,4,NaN
1675243800,22040,22040,22040,22040,1,NaN
1675246800,22061,22061,22061,22061,1,NaN
1675248900,22064,22064,22064,22064,3,NaN
1675249200,22064,22064,22064,22064,6,NaN
1675249500,22064,22064,22064,22064,1,NaN
1675252800,22070,22070,22070,22070,1,NaN
1675253400,22082,22082,22082,22082,1,NaN
1675254000,22089,22096,22089,22096,2,NaN
1675254300,22094,22094,22094,22094,1,NaN
1675256100,22100,22100,22100,22100,1,NaN
1675259400,22125,22125,22125,22125,1,NaN
1675260000,22100,22100,22097,22097,3,NaN
1675260600,22094,22094,22094,22094,2,NaN
1675260900,22103,22103,22103,22103,1,NaN
1675261200,22100,22100,22098,22098,10,NaN
1675261800,22108,22157,22108,22115,16,NaN
1675262100,22115,22143,22115,22142,5,NaN
1675262700,22200,22220,22200,22220,3,NaN
1675263000,22205,22205,22192,22192,4,NaN
1675263600,22121,22121,22121,22121,2,NaN
1675265400,22115,22116,22106,22106,4,NaN
1675265700,22096,22096,22076,22076,3,NaN
1675266000,22068,22068,22064,22064,3,NaN
1675266300,22060,22060,22060,22060,1,NaN
1675267200,22077,22077,22077,22077,1,NaN
1675269300,22120,22120,22120,22120,1,NaN
1675270200,22114,22114,22114,22114,1,NaN
1675271400,22080,22080,22080,22080,1,NaN
1675271700,22056,22056,22056,22056,1,NaN
1675272600,22046,22046,22046,22046,1,NaN
1675272900,22036,22036,22025,22030,7,NaN
1675273800,22020,22020,22020,22020,2,NaN
1675275900,22060,22063,22060,22063,2,NaN
1675276500,22056,22056,22056,22056,2,NaN
1675277100,22042,22042,22042,22042,21,NaN
1675277400,22048,22048,22048,22048,1,NaN
1675300500,22300,22341,22300,22315,59,NaN
1675300800,22324,22369,22324,22361,38,NaN
1675301100,22329,22329,22317,22317,5,NaN
1675301400,22321,22379,22290,22379,7,NaN
1675301700,22300,22300,22250,22250,5,NaN
1675302000,22250,22263,22198,22198,6,NaN
1675302300,22198,22200,22170,22195,8,NaN
1675302600,22200,22222,22200,22222,5,NaN
1675302900,22255,22295,22255,22295,6,NaN
1675303200,22305,22315,22305,22305,7,NaN
1675304100,22205,22212,22195,22195,5,NaN
1675304400,22185,22185,22135,22135,23,NaN
1675304700,22186,22186,22186,22186,1,NaN
1675305000,22195,22212,22195,22205,37,NaN
1675305300,22150,22150,22140,22140,2,NaN
1675305600,22141,22182,22141,22182,4,NaN
1675305900,22183,22215,22183,22215,16,NaN
1675306200,22199,22199,22199,22199,1,NaN
1675307400,22235,22268,22235,22268,6,NaN
1675307700,22278,22278,22278,22278,2,NaN
1675308000,22260,22260,22260,22260,1,NaN
1675308300,22272,22272,22272,22272,1,NaN
1675309200,22261,22261,22261,22261,1,NaN
1675309500,22242,22242,22215,22215,4,NaN
1675309800,22210,22210,22210,22210,1,NaN
1675310100,22200,22200,22200,22200,3,NaN
1675314000,22212,22212,22212,22212,5,NaN
1675314300,22222,22222,22196,22204,12,NaN
1675314600,22194,22194,22190,22190,4,NaN
1675314900,22209,22209,22198,22198,15,NaN
1675315200,22212,22212,22180,22180,32,NaN
1675315500,22184,22184,22184,22184,10,NaN
1675315800,22185,22185,22149,22149,48,NaN
1675316100,22130,22130,22130,22130,1,NaN
1675316400,22130,22130,22130,22130,1,NaN
1675317000,22120,22120,22098,22098,2,NaN
1675317300,22085,22085,22052,22070,20,NaN
1675317600,22085,22085,22085,22085,1,NaN
1675318200,22104,22104,22104,22104,4,NaN
1675319100,22106,22106,22102,22102,3,NaN
1675320900,22134,22147,22134,22147,20,NaN
1675321200,22150,22150,22150,22150,2,NaN
1675321800,22101,22101,22101,22101,2,NaN
1675322700,22095,22095,22095,22095,4,NaN
1675323000,22047,22047,22041,22041,3,NaN
1675323300,22048,22050,22020,22020,33,NaN
1675323900,22000,22001,22000,22001,3,NaN
1675324200,22023,22023,22023,22023,2,NaN
1675324500,22026,22026,22017,22017,3,NaN
1675324800,22022,22038,22022,22035,8,NaN
1675325100,22035,22035,22025,22025,8,NaN
1675325400,22044,22045,22034,22045,10,NaN
1675325700,22048,22058,22048,22050,89,NaN
1675326000,22060,22066,22060,22066,5,NaN
1675326300,22070,22096,22070,22096,9,NaN
1675329300,22068,22068,22066,22066,7,NaN
1675329600,22063,22063,22063,22063,1,NaN
1675334700,22004,22004,22004,22004,2,NaN
1675335000,22000,22000,22000,22000,4,NaN
1675336200,22032,22032,22032,22032,1,NaN
1675338900,22015,22015,22015,22015,1,NaN
1675340100,22000,22000,22000,22000,7,NaN
1675341300,21990,21990,21990,21990,3,NaN
1675341900,22000,22000,22000,22000,1,NaN
1675342800,22022,22022,22022,22022,1,NaN
1675347900,22055,22055,22055,22055,1,NaN
1675348200,22020,22020,22016,22016,8,NaN
1675348500,21980,21980,21980,21980,3,NaN
1675348800,21970,21975,21940,21940,16,NaN
1675349100,21974,21979,21974,21977,5,NaN
1675349400,21974,21975,21952,21952,4,NaN
1675349700,21930,21930,21873,21873,15,NaN
1675350000,21861,21896,21850,21896,6,NaN
1675350600,21841,21841,21831,21831,6,NaN
1675350900,21879,21879,21869,21869,2,NaN
1675351200,21859,21859,21859,21859,1,NaN
1675351500,21861,21861,21861,21861,1,NaN
1675351800,21900,21912,21900,21912,2,NaN
1675353000,21909,21929,21909,21927,3,NaN
1675355700,21894,21894,21894,21894,2,NaN
1675356300,21874,21874,21874,21874,2,NaN
1675356900,21868,21868,21868,21868,1,NaN
1675357800,21888,21891,21888,21891,7,NaN
1675359900,21885,21885,21885,21885,1,NaN
1675360500,21870,21870,21870,21870,2,NaN
1675364100,21941,21941,21941,21941,4,NaN
1675386900,21822,21868,21800,21868,45,NaN
1675387200,21850,21850,21850,21850,9,NaN
1675387500,21860,21872,21860,21872,10,NaN
1675387800,21869,21869,21810,21835,31,NaN
1675388100,21852,21877,21750,21750,9,NaN
1675388400,21738,21738,21673,21690,40,NaN
1675388700,21746,21769,21746,21768,11,NaN
1675389000,21671,21673,21643,21668,41,NaN
1675389300,21667,21667,21620,21657,16,NaN
1675389600,21643,21682,21643,21682,5,NaN
1675389900,21636,21645,21598,21598,21,NaN
1675390200,21626,21651,21625,21650,8,NaN
1675390800,21633,21673,21633,21650,13,NaN
1675391100,21632,21639,21610,21620,28,NaN
1675391400,21623,21623,21610,21610,8,NaN
1675391700,21610,21610,21528,21528,37,NaN
1675392000,21554,21568,21524,21524,18,NaN
1675392300,21549,21554,21528,21549,33,NaN
1675392600,21536,21536,21526,21530,11,NaN
1675392900,21520,21556,21520,21556,16,NaN
1675393200,21577,21596,21577,21596,3,NaN
1675393500,21598,21598,21562,21562,20,NaN
1675393800,21553,21553,21538,21538,3,NaN
1675394400,21588,21599,21588,21599,4,NaN
1675394700,21589,21606,21570,21606,8,NaN
1675395000,21610,21620,21610,21620,2,NaN
1675395300,21622,21640,21622,21625,15,NaN
1675395600,21620,21620,21610,21610,2,NaN
1675395900,21592,21592,21592,21592,1,NaN
1675396200,21595,21595,21595,21595,2,NaN
1675396500,21610,21610,21608,21608,2,NaN
1675400400,21578,21578,21578,21578,2,NaN
1675400700,21568,21585,21555,21585,9,NaN
1675401600,21652,21652,21652,21652,1,NaN
1675401900,21657,21657,21647,21647,10,NaN
1675402200,21662,21698,21662,21682,35,NaN
1675402500,21685,21695,21683,21695,11,NaN
1675402800,21687,21687,21665,21670,44,NaN
1675403100,21660,21660,21640,21655,12,NaN
1675403400,21645,21645,21630,21630,6,NaN
1675403700,21625,21625,21620,21620,7,NaN
1675404000,21649,21660,21649,21660,3,NaN
1675404600,21681,21690,21681,21690,3,NaN
1675404900,21700,21700,21685,21685,12,NaN
1675405200,21710,21712,21695,21695,5,NaN
1675405500,21688,21698,21670,21698,15,NaN
1675405800,21669,21669,21669,21669,2,NaN
1675406100,21667,21688,21659,21688,13,NaN
1675406400,21691,21730,21691,21730,10,NaN
1675406700,21714,21714,21701,21701,4,NaN
1675407000,21705,21720,21704,21720,16,NaN
1675407300,21722,21722,21722,21722,1,NaN
1675407900,21755,21755,21729,21729,3,NaN
1675408200,21741,21742,21732,21732,3,NaN
1675408500,21745,21747,21745,21745,9,NaN
1675409100,21714,21721,21690,21691,6,NaN
1675409400,21694,21695,21680,21680,9,NaN
1675409700,21675,21679,21675,21679,4,NaN
1675410000,21680,21680,21660,21660,11,NaN
1675410300,21680,21685,21680,21685,3,NaN
1675410600,21686,21689,21686,21688,27,NaN
1675410900,21671,21686,21671,21686,3,NaN
1675411200,21689,21705,21689,21705,54,NaN
1675411500,21699,21720,21694,21700,28,NaN
1675411800,21674,21674,21674,21674,1,NaN
1675412100,21673,21674,21660,21667,21,NaN
1675412400,21657,21657,21653,21653,7,NaN
1675412700,21647,21648,21645,21645,4,NaN
1675419000,21756,21756,21756,21756,3,NaN
1675423800,21794,21794,21794,21794,1,NaN
1675425900,21781,21781,21781,21781,1,NaN
1675430400,21771,21771,21771,21771,1,NaN
1675431000,21715,21715,21715,21715,3,NaN
1675431300,21702,21702,21679,21683,17,NaN
1675431600,21671,21671,21671,21671,2,NaN
1675431900,21661,21661,21651,21651,4,NaN
1675433700,21660,21660,21660,21660,1,NaN
1675434000,21650,21650,21650,21650,1,NaN
1675434600,21640,21640,21620,21620,3,NaN
1675435800,21703,21703,21703,21703,1,NaN
1675436100,21692,21692,21677,21680,21,NaN
1675436400,21670,21670,21590,21590,93,NaN
1675436700,21588,21588,21533,21533,5,NaN
1675437000,21574,21574,21564,21564,2,NaN
1675437600,21632,21632,21632,21632,1,NaN
1675437900,21646,21646,21646,21646,1,NaN
1675438200,21629,21661,21629,21661,2,NaN
1675439700,21648,21648,21648,21648,1,NaN
1675440600,21647,21647,21647,21647,1,NaN
1675441500,21659,21659,21659,21659,2,NaN
1675442100,21635,21636,21635,21635,4,NaN
1675443000,21608,21628,21608,21628,3,NaN
1675443300,21631,21632,21631,21632,2,NaN
1675447500,21560,21560,21554,21554,2,NaN
1675447800,21550,21550,21544,21544,4,NaN
1675448400,21534,21534,21533,21533,2,NaN
1675449000,21524,21524,21514,21514,2,NaN
1675449600,21526,21527,21526,21527,9,NaN
1675449900,21504,21504,21504,21504,1,NaN
1675450200,21570,21570,21570,21570,1,NaN
1675646100,21370,21427,21366,21366,44,NaN
1675646400,21356,21356,21300,21300,23,NaN
1675646700,21292,21317,21280,21317,6,NaN
1675647000,21260,21291,21233,21237,21,NaN
1675647300,21220,21292,21200,21200,36,NaN
1675647600,21190,21263,21180,21253,23,NaN
1675647900,21274,21274,21251,21251,4,NaN
1675648200,21220,21264,21220,21263,11,NaN
1675648500,21264,21361,21264,21361,23,NaN
1675648800,21310,21376,21308,21376,12,NaN
1675649100,21344,21344,21339,21339,2,NaN
1675649400,21300,21337,21300,21326,4,NaN
1675649700,21288,21288,21260,21260,7,NaN
1675650000,21272,21272,21250,21250,88,NaN
1675650300,21269,21269,21269,21269,2,NaN
1675650600,21292,21322,21292,21322,12,NaN
1675650900,21342,21342,21342,21342,10,NaN
1675651200,21283,21283,21260,21260,4,NaN
1675651500,21250,21253,21250,21253,3,NaN
1675651800,21250,21250,21200,21200,23,NaN
1675652100,21217,21218,21217,21218,5,NaN
1675652400,21219,21250,21210,21250,32,NaN
1675652700,21219,21219,21190,21190,7,NaN
1675653000,21181,21181,21158,21158,26,NaN
1675653300,21175,21175,21150,21155,11,NaN
1675653600,21150,21150,21140,21140,8,NaN
1675653900,21159,21159,21159,21159,2,NaN
1675654200,21192,21192,21187,21187,7,NaN
1675654500,21211,21211,21211,21211,2,NaN
1675654800,21215,21215,21210,21210,2,NaN
1675655100,21221,21229,21220,21229,3,NaN
1675655400,21219,21219,21219,21219,2,NaN
1675655700,21207,21207,21205,21205,2,NaN
1675659600,21195,21195,21169,21184,17,NaN
1675659900,21210,21212,21210,21212,2,NaN
1675660500,21182,21182,21160,21160,6,NaN
1675660800,21170,21177,21150,21150,122,NaN
1675661100,21156,21161,21156,21161,7,NaN
1675661400,21147,21153,21143,21143,13,NaN
1675661700,21182,21205,21182,21205,11,NaN
1675662000,21218,21285,21218,21274,42,NaN
1675662300,21268,21307,21261,21307,43,NaN
1675662600,21300,21340,21300,21301,28,NaN
1675662900,21286,21324,21281,21324,31,NaN
1675663200,21307,21309,21306,21309,5,NaN
1675663500,21275,21275,21235,21235,36,NaN
1675663800,21231,21239,21225,21233,262,NaN
1675664100,21220,21227,21215,21215,12,NaN
1675664400,21220,21220,21200,21200,17,NaN
1675664700,21203,21203,21203,21203,2,NaN
1675665000,21230,21230,21195,21195,14,NaN
1675665300,21200,21228,21200,21228,8,NaN
1675665600,21229,21260,21229,21248,9,NaN
1675665900,21248,21249,21241,21241,79,NaN
1675666200,21244,21244,21244,21244,1,NaN
1675666500,21236,21236,21235,21235,2,NaN
1675666800,21265,21270,21263,21263,9,NaN
1675667100,21252,21280,21252,21280,16,NaN
1675667400,21282,21300,21282,21291,125,NaN
1675667700,21257,21257,21247,21250,3,NaN
1675668000,21242,21242,21232,21232,4,NaN
1675668300,21244,21246,21235,21235,7,NaN
1675668600,21225,21225,21222,21222,4,NaN
1675668900,21245,21245,21233,21233,6,NaN
1675669200,21225,21225,21225,21225,2,NaN
1675669800,21234,21234,21234,21234,1,NaN
1675670100,21224,21225,21224,21225,2,NaN
1675670400,21247,21275,21247,21271,31,NaN
1675670700,21267,21290,21267,21290,43,NaN
1675671000,21272,21289,21272,21287,12,NaN
1675671300,21291,21298,21290,21295,30,NaN
1675671600,21290,21303,21290,21303,21,NaN
1675671900,21274,21274,21252,21256,46,NaN
1675674900,21231,21231,21227,21227,10,NaN
1675675500,21249,21249,21249,21249,3,NaN
1675676400,21241,21242,21241,21242,6,NaN
1675677000,21231,21231,21231,21231,1,NaN
1675677900,21206,21206,21206,21206,4,NaN
1675679700,21221,21221,21200,21200,6,NaN
1675682400,21203,21203,21203,21203,1,NaN
1675684500,21200,21200,21200,21200,1,NaN
1675685700,21195,21195,21195,21195,1,NaN
1675686000,21190,21190,21190,21190,2,NaN
1675687500,21209,21209,21209,21209,3,NaN
1675690200,21180,21180,21180,21180,2,NaN
1675691400,21177,21177,21170,21170,5,NaN
1675691700,21172,21172,21172,21172,3,NaN
1675692900,21160,21160,21160,21160,4,NaN
1675693500,21155,21155,21150,21150,3,NaN
1675693800,21208,21232,21208,21210,13,NaN
1675694100,21192,21192,21134,21139,19,NaN
1675694400,21132,21132,21117,21117,2,NaN
1675694700,21126,21127,21114,21114,8,NaN
1675695000,21161,21161,21100,21107,12,NaN
1675695300,21107,21107,21097,21097,2,NaN
1675695600,21116,21116,21116,21116,1,NaN
1675696200,21136,21136,21136,21136,1,NaN
1675696500,21094,21094,21080,21080,2,NaN
1675696800,21087,21087,21087,21087,1,NaN
1675697400,21098,21098,21098,21098,1,NaN
1675698000,21134,21136,21134,21136,2,NaN
1675698600,21180,21180,21180,21180,2,NaN
1675698900,21200,21200,21200,21200,8,NaN
1675699200,21171,21171,21170,21170,4,NaN
1675699500,21218,21218,21218,21218,1,NaN
1675700400,21230,21266,21230,21266,9,NaN
1675701000,21270,21270,21266,21266,4,NaN
1675702500,21202,21206,21202,21206,2,NaN
1675705500,21230,21241,21230,21241,3,NaN
1675707000,21241,21241,21241,21241,1,NaN
1675707300,21250,21250,21250,21250,3,NaN
1675707600,21266,21266,21266,21266,1,NaN
1675732500,21350,21355,21337,21339,29,NaN
1675732800,21331,21331,21327,21327,7,NaN
1675733100,21337,21350,21337,21338,5,NaN
1675733400,21381,21434,21364,21364,18,NaN
1675733700,21356,21356,21332,21332,7,NaN
1675734000,21359,21388,21355,21388,5,NaN
1675734300,21388,21423,21388,21411,15,NaN
1675734600,21409,21460,21395,21449,20,NaN
1675734900,21435,21483,21435,21471,208,NaN
1675735200,21463,21503,21463,21501,6,NaN
1675735500,21501,21501,21500,21500,2,NaN
1675735800,21476,21488,21473,21488,6,NaN
1675736100,21471,21471,21435,21452,8,NaN
1675736400,21450,21468,21450,21468,4,NaN
1675736700,21493,21500,21493,21500,3,NaN
1675737000,21518,21518,21518,21518,2,NaN
1675737300,21488,21555,21488,21552,104,NaN
1675737600,21510,21510,21493,21493,4,NaN
1675737900,21512,21512,21512,21512,2,NaN
1675738500,21550,21550,21550,21550,2,NaN
1675738800,21470,21470,21449,21459,7,NaN
1675739100,21475,21475,21474,21474,2,NaN
1675739400,21475,21475,21475,21475,1,NaN
1675740300,21530,21539,21530,21539,3,NaN
1675740600,21530,21552,21530,21552,2,NaN
1675740900,21512,21512,21512,21512,2,NaN
1675741200,21497,21500,21488,21493,152,NaN
1675741500,21478,21478,21478,21478,1,NaN
1675742100,21443,21452,21433,21452,23,NaN
1675746000,21423,21423,21393,21393,35,NaN
1675746300,21425,21425,21416,21416,2,NaN
1675746900,21435,21435,21435,21435,1,NaN
1675747200,21408,21408,21400,21400,3,NaN
1675747500,21380,21380,21380,21380,68,NaN
1675747800,21371,21390,21371,21390,3,NaN
1675748100,21358,21361,21350,21350,6,NaN
1675748400,21362,21371,21362,21371,3,NaN
1675748700,21368,21368,21340,21340,6,NaN
1675749000,21350,21353,21350,21353,2,NaN
1675749300,21330,21350,21330,21350,2,NaN
1675749600,21363,21372,21362,21362,5,NaN
1675749900,21355,21355,21352,21352,5,NaN
1675750200,21357,21357,21357,21357,4,NaN
1675750800,21373,21380,21373,21380,200,NaN
1675751700,21347,21347,21336,21336,4,NaN
1675752900,21336,21336,21336,21336,1,NaN
1675754100,21334,21334,21308,21308,4,NaN
1675754400,21351,21351,21351,21351,1,NaN
1675755900,21353,21362,21353,21362,2,NaN
1675756200,21374,21374,21374,21374,1,NaN
1675756500,21360,21360,21360,21360,1,NaN
1675756800,21366,21366,21366,21366,1,NaN
1675757100,21351,21351,21320,21320,3,NaN
1675757700,21335,21335,21334,21334,10,NaN
1675758000,21340,21350,21340,21350,3,NaN
1675758300,21354,21367,21354,21366,20,NaN
1675761300,21411,21412,21370,21370,3,NaN
1675764300,21364,21364,21364,21364,2,NaN
1675765800,21374,21374,21374,21374,3,NaN
1675766700,21347,21347,21347,21347,1,NaN
1675770000,21328,21328,21328,21328,1,NaN
1675773600,21310,21310,21310,21310,1,NaN
1675775400,21308,21308,21308,21308,3,NaN
1675776000,21296,21296,21296,21296,1,NaN
1675780200,21322,21342,21302,21302,21,NaN
1675780500,21292,21295,21272,21287,10,NaN
1675780800,21297,21297,21290,21290,2,NaN
1675781100,21290,21290,21255,21255,6,NaN
1675781400,21252,21252,21252,21252,2,NaN
1675781700,21245,21245,21240,21240,3,NaN
1675782000,21240,21240,21225,21225,3,NaN
1675782300,21211,21211,21211,21211,1,NaN
1675782600,21199,21199,21186,21186,2,NaN
1675782900,21199,21210,21193,21210,5,NaN
1675783200,21221,21221,21221,21221,2,NaN
1675783500,21214,21214,21214,21214,1,NaN
1675784400,21248,21248,21248,21248,2,NaN
1675785300,21248,21248,21248,21248,1,NaN
1675786200,21238,21242,21238,21242,6,NaN
1675786800,21271,21271,21271,21271,1,NaN
1675788900,21200,21200,21200,21200,1,NaN
1675791900,21270,21291,21270,21291,9,NaN
1675792800,21332,21332,21318,21318,3,NaN
1675793100,21313,21313,21313,21313,2,NaN
1675793700,21238,21238,21238,21238,1,NaN
1675794600,21160,21160,21160,21160,2,NaN
1675795200,21155,21155,21155,21155,1,NaN
1675795800,21120,21144,21118,21144,10,NaN
1675818900,21356,21364,21354,21354,5,NaN
1675819800,21347,21439,21347,21438,7,NaN
1675820100,21440,21495,21440,21469,43,NaN
1675820400,21452,21458,21370,21371,23,NaN
1675820700,21374,21374,21281,21281,47,NaN
1675821000,21295,21295,21241,21275,30,NaN
1675821300,21336,21370,21336,21369,6,NaN
1675821600,21306,21306,21284,21284,15,NaN
1675821900,21330,21338,21321,21338,11,NaN
1675822200,21255,21259,21255,21259,10,NaN
1675822500,21289,21289,21284,21284,6,NaN
1675822800,21265,21265,21225,21226,15,NaN
1675823100,21235,21303,21233,21297,36,NaN
1675823400,21292,21292,21257,21275,22,NaN
1675823700,21352,21383,21349,21383,10,NaN
1675824000,21356,21356,21356,21356,2,NaN
1675824300,21405,21415,21402,21415,7,NaN
1675824600,21380,21380,21370,21370,2,NaN
1675825200,21359,21359,21359,21359,1,NaN
1675825500,21315,21316,21315,21316,2,NaN
1675825800,21381,21383,21381,21383,5,NaN
1675826100,21396,21405,21396,21405,3,NaN
1675826400,21409,21409,21382,21384,4,NaN
1675826700,21375,21375,21371,21371,126,NaN
1675827000,21381,21408,21381,21408,79,NaN
1675827300,21398,21425,21396,21419,24,NaN
1675827600,21417,21435,21413,21413,17,NaN
1675827900,21406,21406,21399,21399,2,NaN
1675828200,21415,21415,21412,21412,2,NaN
1675828500,21402,21405,21402,21405,3,NaN
1675832400,21391,21392,21350,21350,13,NaN
1675832700,21348,21348,21334,21340,17,NaN
1675833000,21314,21314,21314,21314,1,NaN
1675833600,21310,21310,21310,21310,1,NaN
1675833900,21310,21310,21300,21307,5,NaN
1675835400,21388,21388,21388,21388,1,NaN
1675835700,21368,21368,21368,21368,1,NaN
1675836000,21370,21370,21361,21361,2,NaN
1675837200,21323,21323,21321,21321,10,NaN
1675837800,21330,21330,21330,21330,1,NaN
1675838100,21307,21307,21301,21302,23,NaN
1675838400,21298,21298,21288,21288,6,NaN
1675838700,21316,21316,21316,21316,1,NaN
1675839300,21302,21302,21285,21285,4,NaN
1675839600,21287,21287,21278,21278,4,NaN
1675839900,21308,21308,21308,21308,1,NaN
1675840800,21303,21303,21303,21303,2,NaN
1675841400,21292,21329,21292,21329,3,NaN
1675841700,21318,21334,21318,21334,16,NaN
1675842000,21346,21348,21343,21344,275,NaN
1675842300,21340,21344,21340,21341,13,NaN
1675842600,21327,21327,21327,21327,1,NaN
1675843500,21277,21278,21274,21278,31,NaN
1675843800,21278,21278,21270,21276,7,NaN
1675844100,21265,21265,21259,21259,3,NaN
1675847700,21279,21282,21279,21282,3,NaN
1675848300,21268,21268,21268,21268,1,NaN
1675848600,21255,21255,21255,21255,1,NaN
1675848900,21245,21245,21235,21237,4,NaN
1675856400,21270,21270,21265,21265,2,NaN
1675860600,21262,21262,21253,21253,2,NaN
1675866600,21220,21230,21220,21230,2,NaN
1675867200,21220,21230,21220,21230,3,NaN
1675867500,21200,21200,21180,21190,6,NaN
1675867800,21160,21160,21150,21150,2,NaN
1675868100,21151,21151,21151,21151,1,NaN
1675869300,21180,21180,21180,21180,1,NaN
1675870500,21150,21150,21150,21150,1,NaN
1675873200,21130,21130,21130,21130,1,NaN
1675873500,21100,21100,21100,21100,3,NaN
1675873800,21095,21095,21095,21095,1,NaN
1675874400,21111,21111,21111,21111,2,NaN
1675874700,21145,21160,21145,21160,3,NaN
1675875300,21179,21179,21179,21179,1,NaN
1675875600,21155,21155,21155,21155,2,NaN
1675877700,21141,21141,21141,21141,2,NaN
1675878000,21123,21123,21117,21117,6,NaN
1675878300,21132,21132,21132,21132,1,NaN
1675905300,21160,21160,21159,21159,2,NaN
1675905600,21186,21186,21186,21186,1,NaN
1675905900,21208,21208,21208,21208,1,NaN
1675906200,21250,21336,21250,21336,52,NaN
1675906500,21301,21360,21295,21315,56,NaN
1675906800,21309,21369,21290,21355,44,NaN
1675907100,21348,21408,21348,21408,12,NaN
1675907400,21412,21449,21393,21400,10,NaN
1675907700,21406,21411,21388,21388,6,NaN
1675908000,21421,21440,21412,21412,4,NaN
1675908300,21440,21467,21422,21467,8,NaN
1675908600,21430,21436,21391,21391,8,NaN
1675908900,21384,21423,21384,21423,2,NaN
1675909200,21412,21434,21412,21434,4,NaN
1675909500,21417,21450,21417,21435,6,NaN
1675909800,21436,21436,21400,21406,3,NaN
1675910100,21402,21405,21402,21405,2,NaN
1675910400,21375,21375,21375,21375,2,NaN
1675910700,21393,21417,21393,21416,5,NaN
1675911000,21380,21382,21378,21379,16,NaN
1675911300,21377,21398,21377,21398,5,NaN
1675911600,21408,21428,21408,21428,5,NaN
1675912500,21381,21384,21381,21384,5,NaN
1675912800,21376,21376,21376,21376,15,NaN
1675913100,21375,21375,21350,21350,2,NaN
1675913700,21388,21388,21388,21388,1,NaN
1675918800,21383,21405,21381,21381,4,NaN
1675919400,21429,21429,21429,21429,1,NaN
1675920000,21434,21449,21434,21442,8,NaN
1675920300,21466,21538,21466,21503,23,NaN
1675920600,21490,21500,21490,21500,2,NaN
1675920900,21534,21552,21522,21552,12,NaN
1675921200,21521,21521,21508,21508,2,NaN
1675921500,21552,21580,21552,21580,7,NaN
1675921800,21560,21560,21548,21548,6,NaN
1675922100,21540,21540,21540,21540,1,NaN
1675922400,21599,21600,21594,21594,75,NaN
1675922700,21587,21587,21569,21569,8,NaN
1675923000,21561,21561,21561,21561,1,NaN
1675923300,21599,21620,21596,21596,8,NaN
1675924200,21613,21638,21613,21638,7,NaN
1675924500,21633,21633,21631,21631,7,NaN
1675924800,21611,21615,21608,21615,10,NaN
1675925100,21650,21650,21639,21639,3,NaN
1675925400,21620,21620,21620,21620,1,NaN
1675925700,21623,21632,21616,21632,10,NaN
1675926000,21613,21613,21586,21593,10,NaN
1675926300,21569,21593,21569,21593,12,NaN
1675926600,21593,21595,21579,21580,4,NaN
1675926900,21568,21592,21568,21592,6,NaN
1675927200,21605,21630,21603,21630,61,NaN
1675927500,21621,21621,21621,21621,2,NaN
1675927800,21633,21634,21633,21634,2,NaN
1675928400,21633,21634,21632,21632,7,NaN
1675929000,21640,21660,21637,21660,4,NaN
1675929300,21668,21668,21650,21650,4,NaN
1675929600,21660,21670,21659,21659,6,NaN
1675929900,21678,21678,21678,21678,3,NaN
1675930200,21645,21645,21644,21644,2,NaN
1675930500,21655,21672,21652,21672,7,NaN
1675930800,21675,21702,21675,21702,10,NaN
1675931100,21676,21695,21675,21693,7,NaN
1675935900,21705,21705,21705,21705,2,NaN
1675936200,21715,21732,21715,21732,6,NaN
1675936500,21719,21719,21719,21719,10,NaN
1675937100,21732,21732,21732,21732,1,NaN
1675942200,21680,21680,21680,21680,1,NaN
1675944300,21667,21667,21667,21667,3,NaN
1675948800,21660,21669,21660,21669,14,NaN
1675949100,21671,21671,21671,21671,11,NaN
1675950600,21696,21696,21696,21696,1,NaN
1675953000,21712,21719,21692,21692,3,NaN
1675953900,21680,21695,21680,21695,4,NaN
1675954200,21700,21700,21700,21700,1,NaN
1675955100,21650,21650,21650,21650,1,NaN
1675955700,21650,21650,21648,21648,2,NaN
1675956000,21640,21640,21640,21640,1,NaN
1675956900,21600,21600,21600,21600,1,NaN
1675957500,21620,21630,21620,21630,3,NaN
1675957800,21627,21639,21627,21639,10,NaN
1675958400,21636,21636,21605,21605,3,NaN
1675959300,21609,21609,21600,21600,4,NaN
1675959600,21600,21600,21575,21575,7,NaN
1675960800,21577,21577,21577,21577,1,NaN
1675961400,21577,21577,21577,21577,2,NaN
1675962000,21605,21605,21605,21605,1,NaN
1675962600,21607,21611,21607,21611,4,NaN
1675963200,21616,21616,21616,21616,1,NaN
1675963800,21610,21610,21592,21592,9,NaN
1675964700,21550,21550,21550,21550,1,NaN
1675966200,21600,21601,21600,21601,2,NaN
1675968600,21604,21604,21604,21604,1,NaN
1675991700,21572,21586,21547,21586,256,NaN
1675992000,21571,21592,21571,21592,2,NaN
1675992300,21572,21589,21572,21589,2,NaN
1675992600,21566,21574,21528,21574,10,NaN
1675992900,21562,21562,21511,21511,12,NaN
1675993200,21516,21585,21516,21575,11,NaN
1675993500,21572,21573,21538,21573,8,NaN
1675993800,21585,21591,21500,21511,21,NaN
1675994100,21498,21498,21474,21498,28,NaN
1675994400,21490,21498,21473,21497,6,NaN
1675994700,21498,21498,21450,21450,11,NaN
1675995300,21467,21467,21454,21454,21,NaN
1675995600,21467,21467,21467,21467,1,NaN
1675995900,21447,21465,21418,21418,7,NaN
1675996200,21420,21425,21420,21425,3,NaN
1675996500,21405,21405,21387,21403,11,NaN
1675997100,21390,21390,21350,21350,34,NaN
1675997400,21349,21349,21340,21340,16,NaN
1675997700,21327,21343,21318,21325,36,NaN
1675998000,21313,21317,21283,21285,36,NaN
1675998300,21282,21282,21226,21226,64,NaN
1675998600,21232,21250,21232,21238,12,NaN
1675998900,21271,21271,21262,21266,4,NaN
1675999200,21236,21250,21236,21250,5,NaN
1675999500,21244,21244,21236,21236,3,NaN
1675999800,21254,21255,21254,21255,10,NaN
1676000100,21254,21254,21254,21254,5,NaN
1676000400,21250,21250,21250,21250,2,NaN
1676001300,21255,21255,21255,21255,3,NaN
1676005200,21219,21219,21215,21219,15,NaN
1676005500,21228,21228,21213,21217,13,NaN
1676005800,21209,21212,21198,21198,14,NaN
1676006100,21208,21208,21208,21208,2,NaN
1676006400,21195,21211,21195,21211,8,NaN
1676006700,21212,21212,21185,21193,14,NaN
1676007300,21228,21228,21218,21218,2,NaN
1676007600,21214,21214,21214,21214,1,NaN
1676007900,21219,21219,21219,21219,1,NaN
1676008200,21251,21251,21251,21251,3,NaN
1676008500,21265,21277,21265,21277,9,NaN
1676008800,21276,21276,21251,21251,7,NaN
1676009100,21265,21275,21265,21275,6,NaN
1676009400,21279,21279,21270,21270,3,NaN
1676009700,21252,21252,21252,21252,2,NaN
1676010300,21225,21228,21225,21228,10,NaN
1676010600,21226,21227,21207,21217,18,NaN
1676010900,21225,21225,21202,21202,8,NaN
1676011200,21210,21210,21196,21208,15,NaN
1676011500,21213,21227,21213,21227,6,NaN
1676011800,21232,21232,21232,21232,2,NaN
1676012400,21249,21249,21249,21249,5,NaN
1676013000,21240,21240,21240,21240,2,NaN
1676013300,21200,21200,21196,21196,2,NaN
1676013600,21217,21217,21205,21205,10,NaN
1676013900,21206,21206,21206,21206,1,NaN
1676014500,21215,21215,21200,21200,2,NaN
1676014800,21200,21200,21195,21199,4,NaN
1676015400,21191,21191,21191,21191,1,NaN
1676015700,21190,21190,21189,21189,4,NaN
1676016000,21198,21224,21189,21189,233,NaN
1676016300,21205,21225,21205,21225,27,NaN
1676016600,21226,21226,21206,21216,12,NaN
1676016900,21212,21212,21203,21203,6,NaN
1676017200,21213,21213,21210,21210,11,NaN
1676017500,21220,21228,21216,21221,25,NaN
1676020500,21204,21204,21180,21185,4,NaN
1676020800,21199,21200,21199,21200,3,NaN
1676022900,21147,21147,21147,21147,2,NaN
1676025000,21113,21113,21113,21113,1,NaN
1676025300,21119,21119,21119,21119,2,NaN
1676025600,21116,21116,21116,21116,1,NaN
1676026500,21148,21148,21148,21148,1,NaN
1676027100,21114,21114,21114,21114,2,NaN
1676028000,21107,21107,21107,21107,5,NaN
1676028300,21105,21107,21100,21102,10,NaN
1676028600,21106,21115,21106,21115,7,NaN
1676030100,21086,21086,21086,21086,2,NaN
1676031000,21098,21098,21098,21098,2,NaN
1676031600,21107,21113,21107,21113,3,NaN
1676031900,21128,21137,21128,21137,6,NaN
1676032200,21140,21140,21140,21140,5,NaN
1676032500,21130,21146,21130,21146,5,NaN
1676032800,21152,21152,21145,21145,8,NaN
1676033100,21141,21141,21132,21132,2,NaN
1676033400,21125,21125,21125,21125,1,NaN
1676034600,21130,21130,21130,21130,1,NaN
1676034900,21160,21160,21160,21160,1,NaN
1676037000,21180,21183,21180,21183,2,NaN
1676037900,21186,21186,21186,21186,1,NaN
1676038200,21186,21188,21186,21188,3,NaN
1676038500,21195,21195,21195,21195,1,NaN
1676039400,21167,21167,21167,21167,2,NaN
1676039700,21200,21200,21200,21200,1,NaN
1676040000,21120,21120,21120,21120,2,NaN
1676040300,21164,21164,21133,21133,3,NaN
1676040600,21165,21165,21154,21154,2,NaN
1676040900,21133,21133,21133,21133,2,NaN
1676041200,21100,21100,21100,21100,4,NaN
1676041500,21100,21105,21100,21105,2,NaN
1676041800,21117,21117,21117,21117,1,NaN
1676042400,21129,21129,21129,21129,1,NaN
1676044200,21094,21095,21080,21095,8,NaN
1676044500,21105,21105,21105,21105,1,NaN
1676046300,21112,21112,21108,21108,2,NaN
1676046600,21100,21100,21092,21100,24,NaN
1676046900,21099,21105,21092,21092,38,NaN
1676047200,21086,21087,21080,21080,33,NaN
1676047500,21078,21078,21075,21075,6,NaN
1676047800,21063,21067,21063,21065,21,NaN
1676048100,21065,21065,21051,21054,20,NaN
1676048400,21050,21054,21039,21039,16,NaN
1676048700,21050,21052,21050,21052,3,NaN
1676049600,21038,21048,21038,21048,9,NaN
1676049900,21050,21053,21047,21053,9,NaN
1676050200,21050,21073,21050,21063,27,NaN
1676050500,21064,21068,21064,21068,6,NaN
1676051100,21072,21076,21072,21076,6,NaN
1676051400,21080,21080,21080,21080,1,NaN
1676250900,20932,20934,20885,20885,48,NaN
1676251200,20886,20886,20843,20878,6,NaN
1676251500,20870,20870,20846,20846,5,NaN
1676251800,20866,20867,20817,20820,38,NaN
1676252100,20910,20972,20889,20968,82,NaN
1676252400,20980,21003,20928,20999,30,NaN
1676252700,21001,21050,20993,20993,198,NaN
1676253000,20979,21045,20968,21045,62,NaN
1676253300,21032,21039,20994,21005,26,NaN
1676253600,21013,21044,20991,21006,23,NaN
1676253900,20998,20998,20939,20939,16,NaN
1676254200,20950,20958,20950,20958,4,NaN
1676254500,20990,21012,20986,20987,161,NaN
1676254800,20987,21002,20987,20995,6,NaN
1676255100,20982,20985,20938,20952,7,NaN
1676255400,21020,21020,21020,21020,1,NaN
1676255700,21040,21046,20991,20991,46,NaN
1676256000,20980,20994,20980,20994,40,NaN
1676256300,20966,21018,20966,21018,5,NaN
1676256600,21044,21088,21044,21081,95,NaN
1676256900,21092,21094,21080,21087,26,NaN
1676257200,21085,21091,21076,21082,39,NaN
1676257500,21128,21128,21128,21128,1,NaN
1676257800,21120,21120,21084,21100,5,NaN
1676258100,21107,21107,21095,21095,2,NaN
1676258400,21063,21090,21063,21090,3,NaN
1676258700,21074,21074,21074,21074,38,NaN
1676259000,21061,21061,21047,21060,11,NaN
1676259300,21050,21050,21050,21050,1,NaN
1676259900,21068,21068,21068,21068,1,NaN
1676260500,21085,21085,21085,21085,1,NaN
1676264700,21085,21105,21085,21105,25,NaN
1676265300,21116,21143,21116,21143,5,NaN
1676265600,21158,21165,21150,21165,7,NaN
1676265900,21160,21160,21160,21160,1,NaN
1676266200,21152,21160,21141,21160,22,NaN
1676266800,21134,21162,21132,21162,24,NaN
1676267100,21157,21157,21155,21155,2,NaN
1676267400,21155,21155,21129,21129,11,NaN
1676267700,21124,21124,21111,21116,97,NaN
1676268000,21110,21110,21090,21098,22,NaN
1676268600,21113,21113,21103,21103,2,NaN
1676268900,21088,21088,21083,21083,4,NaN
1676269500,21098,21098,21098,21098,1,NaN
1676269800,21080,21080,21080,21080,1,NaN
1676270100,21088,21088,21088,21088,15,NaN
1676270400,21090,21090,21088,21088,15,NaN
1676271600,21100,21100,21100,21100,1,NaN
1676271900,21122,21124,21122,21124,10,NaN
1676272200,21120,21128,21120,21128,4,NaN
1676272500,21150,21150,21150,21150,2,NaN
1676272800,21185,21200,21185,21200,4,NaN
1676273100,21210,21221,21205,21221,12,NaN
1676273700,21206,21209,21206,21208,29,NaN
1676274600,21181,21181,21181,21181,2,NaN
1676275800,21178,21178,21178,21178,1,NaN
1676276700,21166,21174,21164,21164,22,NaN
